{
  "eye": {
    "orientation": [
      -0.5228497982025146,
      0.06034340336918831,
      -0.040379371494054794,
      0.849327027797699
    ],
    "magnitude": 0.5773502588272095,
    "position": [
      75.325927734375,
      459.4574890136719,
      225.9265594482422
    ]
  },
  "paths": [],
  "ortho": false,
  "radius": 100,
  "visualHints": 3
}